experiment_name,input_window,output_window,pt_mult,sl_mult,kernel_size,epochs_run,batch_size,n_params,best_epoch,best_val_loss,train_accuracy,train_balanced_accuracy,train_macro_f1,train_weighted_f1,val_accuracy,val_balanced_accuracy,val_macro_f1,val_weighted_f1,test_accuracy,test_balanced_accuracy,test_macro_f1,test_weighted_f1
cnn_tb_iw_90_ow_30_pt_4_sl_4,90,30,4.0,4.0,3,395,64,12805,365,1.0879884958267212,0.43725524265226745,0.45006679760081053,0.43576832903875423,0.4354206162162164,0.37055745985928196,0.3459073046107015,0.3430307779917003,0.35899589873780774,0.39319823597846376,0.4004944208200925,0.3931161814519013,0.39037379930867505
