experiment_name,input_window,output_window,pt_mult,sl_mult,kernel_size,epochs_run,batch_size,n_params,best_epoch,best_val_loss,train_accuracy,train_balanced_accuracy,train_macro_f1,train_weighted_f1,val_accuracy,val_balanced_accuracy,val_macro_f1,val_weighted_f1,test_accuracy,test_balanced_accuracy,test_macro_f1,test_weighted_f1
cnn_tb_iw_90_ow_30_pt_4_sl_4,90,30,4.0,4.0,3,218,64,12805,188,1.0846120119094849,0.42356047187781976,0.44028354272809617,0.4232266944728598,0.42040771672209254,0.3823440976607132,0.37348559576102613,0.3717686640859326,0.3803256138521145,0.35610508373691185,0.3716881951983713,0.3521704931740304,0.34427915578162627
