experiment_name,input_window,output_window,pt_mult,sl_mult,kernel_size,epochs_run,batch_size,n_params,best_epoch,best_val_loss,train_accuracy,train_balanced_accuracy,train_macro_f1,train_weighted_f1,val_accuracy,val_balanced_accuracy,val_macro_f1,val_weighted_f1,test_accuracy,test_balanced_accuracy,test_macro_f1,test_weighted_f1
cnn_tb_iw_30_ow_30_pt_4_sl_4,30,30,4.0,4.0,3,36,64,17093,6,1.0948132276535034,0.3621313003528863,0.3908391157828923,0.32822505492996334,0.30921181632213723,0.3400407234399329,0.3503635556559706,0.28784724061446565,0.2852169557546865,0.35184236771880645,0.3773822156687492,0.3199691905442353,0.3018316752253805
