experiment_name,input_window,output_window,pt_mult,sl_mult,kernel_size,epochs_run,batch_size,n_params,best_epoch,best_val_loss,train_accuracy,train_balanced_accuracy,train_macro_f1,train_weighted_f1,val_accuracy,val_balanced_accuracy,val_macro_f1,val_weighted_f1,test_accuracy,test_balanced_accuracy,test_macro_f1,test_weighted_f1
cnn_tb_iw_30_ow_90_pt_2_sl_2,30,90,2.0,2.0,3,156,64,17093,126,0.6882728338241577,0.5644221387615446,0.70405984945506,0.42883098629723476,0.5619121921306199,0.5396295628119551,0.505521681125814,0.49123880395410474,0.5140070404996819,0.4943859744054544,0.32442706989534903,0.32371493040337235,0.4915464998253616
