experiment_name,input_window,output_window,pt_mult,sl_mult,kernel_size,epochs_run,batch_size,n_params,best_epoch,best_val_loss,train_accuracy,train_balanced_accuracy,train_macro_f1,train_weighted_f1,val_accuracy,val_balanced_accuracy,val_macro_f1,val_weighted_f1,test_accuracy,test_balanced_accuracy,test_macro_f1,test_weighted_f1
cnn_tb_iw_90_ow_30_pt_2_sl_2,90,30,2.0,2.0,3,88,64,17093,58,0.8754456639289856,0.43507999304989375,0.5007384577304487,0.3547569787398968,0.4685856411514852,0.4990979613927476,0.3422278374724083,0.33712981318364954,0.497784895740337,0.4340521089797354,0.3766169352975264,0.33216303525139607,0.41710354777026987
