experiment_name,input_window,output_window,pt_mult,sl_mult,kernel_size,epochs_run,batch_size,n_params,best_epoch,best_val_loss,train_accuracy,train_balanced_accuracy,train_macro_f1,train_weighted_f1,val_accuracy,val_balanced_accuracy,val_macro_f1,val_weighted_f1,test_accuracy,test_balanced_accuracy,test_macro_f1,test_weighted_f1
cnn_tb_iw_10_ow_5_pt_2_sl_2,10,5,2.0,2.0,3,44,64,17093,14,1.0723274946212769,0.46409898051661347,0.44732909408439786,0.4404378883699849,0.46907295983333697,0.4074295269947444,0.34976203025411984,0.34389255094828314,0.414695085466557,0.4238391008577344,0.3753645280093251,0.3720340310498273,0.43361039127836953
