experiment_name,input_window,output_window,pt_mult,sl_mult,kernel_size,epochs_run,batch_size,n_params,best_epoch,best_val_loss,train_accuracy,train_balanced_accuracy,train_macro_f1,train_weighted_f1,val_accuracy,val_balanced_accuracy,val_macro_f1,val_weighted_f1,test_accuracy,test_balanced_accuracy,test_macro_f1,test_weighted_f1
cnn_tb_iw_10_ow_30_pt_4_sl_4,10,30,4.0,4.0,3,36,64,17093,6,1.0965813398361206,0.36752213478028134,0.39515883591202283,0.3594676901437401,0.34772540503903343,0.3458810856099823,0.3560812615580999,0.33444913605883314,0.3328428714890263,0.3631175124512047,0.3827366547068922,0.35478654732993725,0.3445086489779278
