experiment_name,input_window,output_window,pt_mult,sl_mult,kernel_size,epochs_run,batch_size,n_params,best_epoch,best_val_loss,train_accuracy,train_balanced_accuracy,train_macro_f1,train_weighted_f1,val_accuracy,val_balanced_accuracy,val_macro_f1,val_weighted_f1,test_accuracy,test_balanced_accuracy,test_macro_f1,test_weighted_f1
cnn_tb_iw_10_ow_90_pt_4_sl_4,10,90,4.0,4.0,3,71,64,17093,41,0.8673962950706482,0.5307097756003791,0.6189651435120657,0.45264537206178185,0.5392398597097593,0.47630915205380736,0.3503390305106225,0.3411674631260935,0.48559637081227663,0.4471316237468587,0.3666975967509846,0.337552288225565,0.44440429065432724
