experiment_name,input_window,output_window,pt_mult,sl_mult,kernel_size,epochs_run,batch_size,n_params,best_epoch,best_val_loss,train_accuracy,train_balanced_accuracy,train_macro_f1,train_weighted_f1,val_accuracy,val_balanced_accuracy,val_macro_f1,val_weighted_f1,test_accuracy,test_balanced_accuracy,test_macro_f1,test_weighted_f1
cnn_tb_iw_90_ow_90_pt_2_sl_2,90,90,2.0,2.0,3,144,64,17093,114,0.6914288997650146,0.5422054073634324,0.6872846080004985,0.38574413078673614,0.5378400966723306,0.5262649729958061,0.5026542362198132,0.4986384260660325,0.5158925895019927,0.4963202346359612,0.32923647581082277,0.3290658843096372,0.49680142380508674
